,experience,test_score(out of 10),interview_score(out of 10),salary_in_$
0,1,9,8,55086.5628889533
1,0,7,9,49869.15824112121
2,4,6,8,57189.44263524919
3,6,9,9,71845.39053042574
4,8,10,7,75616.27252732264
5,3,10,10,67447.37515131882
6,10,8,8,79165.67492455372
7,13,7,8,85711.1728700278
